{
   "camera" : {
      "position" : [ 1.50390625, 0.039062488824129105 ],
      "zoom" : 2
   },
   "type" : "scene",
   "version" : 1
}
